-- --------------------------------------------------------
-- Hôte:                         127.0.0.1
-- Version du serveur:           5.6.21-log - MySQL Community Server (GPL)
-- Serveur OS:                   Win64
-- HeidiSQL Version:             9.1.0.4867
-- --------------------------------------------------------

/*!40101 SET @OLD_CHARACTER_SET_CLIENT=@@CHARACTER_SET_CLIENT */;
/*!40101 SET NAMES utf8mb4 */;
/*!40014 SET @OLD_FOREIGN_KEY_CHECKS=@@FOREIGN_KEY_CHECKS, FOREIGN_KEY_CHECKS=0 */;
/*!40101 SET @OLD_SQL_MODE=@@SQL_MODE, SQL_MODE='NO_AUTO_VALUE_ON_ZERO' */;

-- Export de la structure de la base pour spc
CREATE DATABASE IF NOT EXISTS `spc` /*!40100 DEFAULT CHARACTER SET utf8 */;
USE `spc`;


-- Export de la structure de table spc. countries
CREATE TABLE IF NOT EXISTS `countries` (
  `id` int(11) NOT NULL AUTO_INCREMENT,
  `label` varchar(45) COLLATE utf8_unicode_ci NOT NULL,
  PRIMARY KEY (`id`)
) ENGINE=InnoDB AUTO_INCREMENT=248 DEFAULT CHARSET=utf8 COLLATE=utf8_unicode_ci;

-- Export de données de la table spc.countries: ~240 rows (environ)
DELETE FROM `countries`;
/*!40000 ALTER TABLE `countries` DISABLE KEYS */;
INSERT INTO `countries` (`id`, `label`) VALUES
	(1, 'Afghanistan'),
	(2, 'Albania'),
	(3, 'Algeria'),
	(4, 'American Samoa'),
	(5, 'Andorra'),
	(6, 'Angola'),
	(7, 'Anguilla'),
	(8, 'Antarctica'),
	(9, 'Antigua and Barbuda'),
	(10, 'Argentina'),
	(11, 'Armenia'),
	(12, 'Aruba'),
	(13, 'Australia'),
	(14, 'Austria'),
	(15, 'Azerbaijan'),
	(16, 'Bahamas'),
	(17, 'Bahrain'),
	(18, 'Bangladesh'),
	(19, 'Barbados'),
	(20, 'Belarus '),
	(21, 'Belgium '),
	(22, 'Belize'),
	(23, 'Benin'),
	(24, 'Bermuda'),
	(25, 'Bhutan'),
	(26, 'Bolivia'),
	(27, 'Bosnia and Herzegowina'),
	(28, 'Botswana'),
	(29, 'Bouvet Island'),
	(30, 'Brazil'),
	(31, 'British Indian Ocean'),
	(32, 'Brunei Darussalam'),
	(33, 'Bulgaria'),
	(34, 'Burkina Faso '),
	(35, 'Burundi'),
	(36, 'Cambodia '),
	(37, 'Cameroon '),
	(38, 'anada'),
	(39, 'Cape Verde'),
	(40, 'Cayman Islands'),
	(41, 'Central African Republic'),
	(42, 'Chad'),
	(43, 'Chile'),
	(44, 'China'),
	(45, 'Christmas Island'),
	(46, 'Cocos (Keeling) Islands'),
	(47, 'Colombia'),
	(48, 'Comoros'),
	(49, 'Congo (Democratic Republic of the)'),
	(50, 'Congo (Republic of the)'),
	(51, 'Cook islands'),
	(52, 'Costa Rica'),
	(53, 'Cote dIvoire (Ivory Coast)'),
	(54, 'Croatia'),
	(55, 'Cuba'),
	(56, 'Curaco'),
	(57, 'Cyprus'),
	(58, 'Cyprus (Turkish Republic of Northern)'),
	(59, 'Czech Republic'),
	(60, 'Denmark'),
	(61, 'Djibouti '),
	(62, 'Dominica'),
	(63, 'Dominican Republic'),
	(64, 'East Timor'),
	(65, 'Ecuador'),
	(66, 'Egypt'),
	(67, 'El Salvador'),
	(68, 'Equatorial Guinea'),
	(69, 'Eritrea'),
	(70, 'Estonia'),
	(71, 'Ethiopia'),
	(72, 'Falkland Islands'),
	(73, 'Faroe Islands'),
	(74, 'Fiji'),
	(75, 'Finland'),
	(76, 'France'),
	(77, 'France, Metropolitan'),
	(78, 'French Guiana '),
	(79, 'French Polynesia'),
	(80, 'French Southern Territories'),
	(81, 'Gabon'),
	(82, 'Gambia'),
	(83, 'Georgia'),
	(84, 'Germany '),
	(85, 'Ghana'),
	(86, 'Gibraltar'),
	(87, 'Greece'),
	(88, 'Greenland'),
	(89, 'Grenada'),
	(90, 'Guadeloupe'),
	(91, 'Guam'),
	(92, 'Guatemala'),
	(93, 'Guinea'),
	(94, 'Guinea-Bissau'),
	(95, 'Guyana'),
	(96, 'Haiti'),
	(97, 'Heard and Mc Donald Islands'),
	(98, 'Honduras'),
	(99, 'Hong Kong'),
	(100, 'Hungary'),
	(101, 'Iceland'),
	(102, 'India'),
	(103, 'Indonesia'),
	(104, 'Iran'),
	(105, 'Iraq '),
	(106, 'Ireland'),
	(107, 'Israel'),
	(108, 'Italy'),
	(109, 'Jamaica'),
	(110, 'Japan'),
	(111, 'Jordan'),
	(112, 'Kazakhstan'),
	(113, 'Kenya'),
	(114, 'Kiribati '),
	(115, 'Korea, Republic of (south)'),
	(116, 'Kosovo'),
	(117, 'Kuwait'),
	(118, 'Kyrgyzstan'),
	(119, 'Laos (Lao Peoples Democratic Republic)'),
	(120, 'Latvia'),
	(121, 'Lebanon'),
	(122, 'Lesotho'),
	(123, 'Liberia'),
	(124, 'Libyan Arab Jamahiriya'),
	(125, 'Liechtenstein'),
	(126, 'Lithuania'),
	(127, 'Luxembourg'),
	(128, 'Macau'),
	(129, 'Macedonia'),
	(130, 'Madagascar'),
	(131, 'Malawi'),
	(132, 'Malaysia'),
	(133, 'Maldives'),
	(134, 'Mali'),
	(135, 'Malta'),
	(136, 'Marshall Islands'),
	(137, 'Martinique '),
	(138, 'Mauritania'),
	(139, 'Mauritius'),
	(140, 'Mayotte'),
	(141, 'Mexico'),
	(142, 'Micronesia'),
	(143, 'Moldova'),
	(144, 'Monaco'),
	(145, 'Mongolia'),
	(146, 'Montenegro'),
	(147, 'Montserrat'),
	(148, 'Morocco'),
	(149, 'Mozambique'),
	(150, 'Myanmar'),
	(151, 'Namibia'),
	(152, 'Nauru'),
	(153, 'Nepal'),
	(154, 'Netherlands'),
	(155, 'Netherlands Antilles'),
	(156, 'New Caledonia'),
	(157, 'New Zealand'),
	(158, 'Nicaragua'),
	(159, 'Niger'),
	(160, 'Nigeria'),
	(161, 'Niue'),
	(162, 'Norfolk Island'),
	(163, 'Northern Mariana Islands'),
	(164, 'Norway'),
	(165, 'Oman'),
	(166, 'Pakistan'),
	(167, 'Palau'),
	(168, 'Palestine'),
	(169, 'Panama'),
	(170, 'Papua New Guinea'),
	(171, 'Paraguay '),
	(172, 'Peru'),
	(173, 'Philippines'),
	(174, 'Pitcairn'),
	(175, 'Poland'),
	(176, 'Portugal'),
	(177, 'Puerto Rico'),
	(178, 'Qatar'),
	(179, 'Reunion'),
	(180, 'Romania'),
	(181, 'Russian Federation'),
	(182, 'Rwanda'),
	(183, 'Saint Helena (UK)'),
	(184, 'Saint Kitts and Nevis'),
	(185, 'Saint Lucia'),
	(186, 'Saint Maarten'),
	(187, 'Saint Pierre and Miquelon (FR)'),
	(188, 'Saint Thomas'),
	(189, 'Saint Vincent and the Grenadines'),
	(190, 'Samoa'),
	(191, 'San Marino'),
	(192, 'Sao Tome and Principe'),
	(193, 'Saudi Arabia'),
	(194, 'Senegal'),
	(195, 'Serbia'),
	(196, 'Serbia + Montenegro (old)'),
	(197, 'Seychelles'),
	(198, 'Sierra Leone'),
	(199, 'Singapore'),
	(200, 'Slovakia'),
	(201, 'Slovenia'),
	(202, 'Solomon Islands'),
	(203, 'Somalia'),
	(204, 'South Africa'),
	(205, 'South Georgia and the South Sandwich Islands'),
	(206, 'Spain'),
	(207, 'Sri Lanka'),
	(208, 'Sudan'),
	(209, 'Suriname'),
	(210, 'Svalbard and Jan Mayen Islands'),
	(211, 'Swaziland'),
	(212, 'Sweden'),
	(213, 'Switzerland'),
	(214, 'Syrian Arab Republic'),
	(215, 'Taiwan'),
	(216, 'Tajikistan'),
	(217, 'Tanzania'),
	(218, 'Thailand'),
	(219, 'Timor-Leste'),
	(220, 'Togo'),
	(221, 'Tokelau'),
	(222, 'Tonga'),
	(223, 'Trinidad and Tobago'),
	(224, 'Tunisia'),
	(225, 'Turkey'),
	(226, 'Turkmenistan'),
	(227, 'Turks and Caicos Islands'),
	(228, 'Tuvalu'),
	(229, 'Uganda'),
	(230, 'Ukraine'),
	(231, 'United Arab Emirates'),
	(232, 'United Kingdom'),
	(233, 'United States of America'),
	(234, 'Uruguay'),
	(235, 'Uzbekistan'),
	(236, 'Vanuatu'),
	(237, 'Vatican City State'),
	(238, 'Venezuela'),
	(239, 'Vietnam'),
	(240, 'Virgin Islands (British)'),
	(241, 'Virgin Islands (U.S.)'),
	(242, 'Wallis and Futuna Islands'),
	(243, 'Western Sahara'),
	(244, 'Yemen'),
	(245, 'Zaire'),
	(246, 'Zambia'),
	(247, 'Zimbabwe');
/*!40000 ALTER TABLE `countries` ENABLE KEYS */;


-- Export de la structure de table spc. customers
CREATE TABLE IF NOT EXISTS `customers` (
  `id` int(11) NOT NULL AUTO_INCREMENT,
  `label` varchar(45) COLLATE utf8_unicode_ci NOT NULL,
  `address` varchar(100) COLLATE utf8_unicode_ci NOT NULL,
  `country_id` int(11) DEFAULT NULL,
  `date` date DEFAULT NULL,
  PRIMARY KEY (`id`),
  KEY `IDX_62534E21F92F3E70` (`country_id`),
  CONSTRAINT `FK_62534E21F92F3E70` FOREIGN KEY (`country_id`) REFERENCES `countries` (`id`)
) ENGINE=InnoDB AUTO_INCREMENT=81 DEFAULT CHARSET=utf8 COLLATE=utf8_unicode_ci;

-- Export de données de la table spc.customers: ~52 rows (environ)
DELETE FROM `customers`;
/*!40000 ALTER TABLE `customers` DISABLE KEYS */;
INSERT INTO `customers` (`id`, `label`, `address`, `country_id`, `date`) VALUES
	(1, 'Jakeem Cooper', '10967  Beaver Falls Ln.', 225, '1981-08-31'),
	(2, 'Emerson Eaton', '43902 West Mission Viejo Blvd.', 223, '1981-08-31'),
	(3, 'Erich Maynard', '73323 North Guthrie Ct.', 1, '1981-08-31'),
	(4, 'Linus Bates', '58820 North Costa Rica Blvd.', 1, '1981-08-31'),
	(5, 'Eve Marsh', '73346 North Pittsfield Blvd.', 1, '1981-08-31'),
	(6, 'Paul Knox', '43704 South Angola Ave.', 173, '1981-08-31'),
	(7, 'Joe Salazar', '54516 East India Ave.', 230, NULL),
	(8, 'Mira Cantrell', '7449 East Botswana St.', 213, NULL),
	(9, 'Eric Rowlands', '70438 North Afghanistan Ave.', 241, NULL),
	(10, 'Steven Prince', '20302  Paraguay Ct.', 1, NULL),
	(11, 'Rafael Phelps', '29206 East Duncan Way', 1, NULL),
	(12, 'Myles Britt', '44066  Mauritius Way', 1, NULL),
	(13, 'Charissa Stuart', '43860 North Elkhart Blvd.', 1, NULL),
	(14, 'Alden Delacruz', '34679 West Argentina Blvd.', 1, '2012-12-12'),
	(15, 'Desirae Dominguez', '36890 East Albania Ln.', 198, NULL),
	(16, 'Karyn Hendricks', '14596 South Morocco Way', 138, NULL),
	(17, 'Amir Stevens', '6565 East Rwanda Ct.', 197, NULL),
	(18, 'Miriam Gaines', '92694 West Micronesia Way', 119, NULL),
	(19, 'Christopher Avery', '35807 East Indonesia St.', 226, NULL),
	(20, 'Jena Charles', '7585 North Comoros Ave.', 1, NULL),
	(21, 'Valentine Koch', '73065 North Djibouti Blvd.', 1, NULL),
	(22, 'Kerry Martin', '73001 North Wallis and Futuna St.', 191, NULL),
	(23, 'Yuli Camacho', '80339  Bulgaria Ave.', 184, NULL),
	(24, 'Hector Blanchard', '76519 West Korea Ave.', 211, NULL),
	(25, 'Hayes Lane', '72680 South Green River St.', 210, NULL),
	(26, 'Eric Rowland', '11376 South Bahrain Ave.', 132, NULL),
	(27, 'Sandra Hensley', '82575 East Kuwait Way', 164, NULL),
	(28, 'Katell Carney', '40247  Netherlands Ct.', 205, NULL),
	(29, 'Michelle Mccall', '41757 East Benin Ln.', 119, NULL),
	(30, 'Moana Chang', '89560  Lithuania Ct.', 135, NULL),
	(31, 'Shannon Dillon', '94054 West Monaco Ave.', 1, NULL),
	(32, 'Zane Wise', '49701 West Cambridge Ct.', 215, NULL),
	(33, 'Whitney Lee', '9870 South Hattiesburg Way', 185, NULL),
	(34, 'Irene Frederick', '78298 South Burlington Ct.', 231, NULL),
	(35, 'Candice Stewart', '92139 South United States Ave.', 116, '1981-08-31'),
	(36, 'Colorado Wilder', '65948 North Netherlands Blvd.', 1, '1981-08-31'),
	(37, 'Harper Vazquez', '98547 South Beverly Blvd.', 1, '1981-08-31'),
	(38, 'Inga Stout', '68780 South Chad Ln.', 1, '1981-08-31'),
	(39, 'Luke Berger', '25418 South Turkey Ave.', 210, '1981-08-31'),
	(40, 'Todd Little', '26750 West French Polynesia Way', 1, NULL),
	(41, 'Blake Bass', '44872 East Bangladesh Way', 1, '2015-10-25'),
	(42, 'Hashim Tanner', '29973 West Barbados Way', 111, '1981-08-31'),
	(43, 'Marshall Miller', '37983  Macao Blvd.', 242, '1981-08-31'),
	(44, 'Cruz Stevenson', '90154 North Indonesia Way', 140, '1981-08-31'),
	(45, 'Allen Luna', '47581  Mauritius St.', 1, '2002-01-01'),
	(46, 'Urielle Willis', '10782 South Mesa Ln.', 1, '1981-08-31'),
	(47, 'Galena Noble', '71504  Korea, Republic of Ct.', 210, '1981-08-31'),
	(48, 'Basia Dillon', '25083 South Columbia St.', 230, '1981-08-31'),
	(49, 'Zephr Horton', '82781 North Comoros Way', 1, '1981-08-31'),
	(50, 'Harriet Huber', '51381 South Barbados Way', 172, '1981-08-31'),
	(59, 'Abbey Roads One', '13 rue Soleil', 1, '1967-12-01'),
	(77, 'ncvncvn', 'cnb', 1, '1981-08-31');
/*!40000 ALTER TABLE `customers` ENABLE KEYS */;


-- Export de la structure de table spc. products
CREATE TABLE IF NOT EXISTS `products` (
  `id` int(11) NOT NULL AUTO_INCREMENT,
  `supplier_id` int(11) DEFAULT NULL,
  `label` varchar(45) COLLATE utf8_unicode_ci NOT NULL,
  `price` double NOT NULL,
  PRIMARY KEY (`id`),
  KEY `IDX_B3BA5A5A2ADD6D8C` (`supplier_id`),
  CONSTRAINT `FK_B3BA5A5A2ADD6D8C` FOREIGN KEY (`supplier_id`) REFERENCES `suppliers` (`id`)
) ENGINE=InnoDB AUTO_INCREMENT=504 DEFAULT CHARSET=utf8 COLLATE=utf8_unicode_ci;

-- Export de données de la table spc.products: ~503 rows (environ)
DELETE FROM `products`;
/*!40000 ALTER TABLE `products` DISABLE KEYS */;
INSERT INTO `products` (`id`, `supplier_id`, `label`, `price`) VALUES
	(1, 4, '957-WWZOSM', 10),
	(2, 15, '364-BONELS', 12000),
	(3, 10, '313-UDXAHE', 0),
	(4, 1, '999-YVKRQL', 0),
	(5, 1, '166-BGYLHE', 0),
	(6, 12, '335-OCSKJB', 0),
	(7, 13, '900-TOWWUQ', 0),
	(8, 10, '796-CYQWIQ', 0),
	(9, 8, '177-JTVTDZ', 0),
	(10, 13, '258-CZOTGV', 0),
	(11, 13, '467-ZCMEKG', 0),
	(12, 11, '172-AJPDQF', 0),
	(13, 8, '533-BJGQSU', 0),
	(14, 3, '895-EDSSEH', 0),
	(15, 10, '037-NDJKYD', 0),
	(16, 9, '592-ADRPCX', 0),
	(17, 3, '110-MFYFKU', 0),
	(18, 3, '445-QFWIRN', 0),
	(19, 6, '932-VTOIUF', 0),
	(20, 15, '699-ZJIQDZ', 0),
	(21, 12, '845-WFPXHF', 0),
	(22, 10, '531-NSJYGY', 0),
	(23, 16, '481-ODLRIE', 0),
	(24, 7, '171-WXQHBL', 0),
	(25, 4, '389-UOUNSR', 0),
	(26, 3, '407-QACFCB', 0),
	(27, 6, '544-AUKGXM', 0),
	(28, 2, '706-ARDCLI', 0),
	(29, 19, '843-EJLDWH', 0),
	(30, 9, '518-ZSWCRF', 0),
	(31, 5, '400-NELBCS', 0),
	(32, 12, '161-OIHFRB', 0),
	(33, 4, '965-VZWIJP', 0),
	(34, 13, '727-BFHLRH', 0),
	(35, 10, '070-FNBPSV', 0),
	(36, 11, '469-KOPRXF', 0),
	(37, 8, '552-WIWUKG', 0),
	(38, 2, '654-LNXKCK', 0),
	(39, 8, '258-SFNNXJ', 0),
	(40, 14, '884-TXPSVR', 0),
	(41, 4, '537-FLHULB', 0),
	(42, 10, '665-QSRPVB', 0),
	(43, 5, '533-MPLZEF', 0),
	(44, 12, '512-CLKDYY', 0),
	(45, 10, '877-XVPCEF', 0),
	(46, 2, '378-PQLFHI', 0),
	(47, 3, '898-XZMPBM', 0),
	(48, 3, '416-AJCWRE', 0),
	(49, 7, '638-WFWVVR', 0),
	(50, 11, '310-EXCJYP', 0),
	(51, 14, '663-NVNPAF', 0),
	(52, 7, '956-RXSDXB', 0),
	(53, 6, '285-JXWZBZ', 0),
	(54, 20, '623-FRCAKO', 0),
	(55, 13, '603-MBYROW', 0),
	(56, 20, '044-HPLDUH', 0),
	(57, 9, '543-OYTOCS', 0),
	(58, 3, '512-FXVXVB', 0),
	(59, 5, '223-UAGSYY', 0),
	(60, 2, '683-RUTPEX', 0),
	(61, 8, '921-SDKATJ', 0),
	(62, 17, '766-PJLTHR', 0),
	(63, 15, '652-PAWMUK', 0),
	(64, 3, '805-AKYSUH', 0),
	(65, 11, '596-RNFPUU', 0),
	(66, 2, '192-YXDVZS', 0),
	(67, 11, '288-GOBYNF', 0),
	(68, 20, '336-BZQTWX', 0),
	(69, 4, '612-RGKBSC', 0),
	(70, 13, '026-GSZOPN', 0),
	(71, 5, '658-QJAKPX', 0),
	(72, 6, '715-NSMJVT', 0),
	(73, 20, '815-CJXUYB', 0),
	(74, 4, '839-IRJQHS', 0),
	(75, 3, '805-LWZTJE', 0),
	(76, 18, '442-IPDBKO', 0),
	(77, 11, '669-QIIUWH', 0),
	(78, 14, '759-JFDBUT', 0),
	(79, 13, '218-ATJYHU', 0),
	(80, 4, '473-FCDDXY', 0),
	(81, 15, '589-DITRXY', 0),
	(82, 19, '895-JXKRYS', 0),
	(83, 20, '249-HJTHSD', 0),
	(84, 9, '316-XCSHTL', 0),
	(85, 20, '963-NXIGQX', 0),
	(86, 8, '379-XGEHTB', 0),
	(87, 2, '346-ISDHOC', 0),
	(88, 17, '811-YNCODE', 0),
	(89, 20, '393-WPSSKY', 0),
	(90, 4, '004-IMNJOY', 0),
	(91, 1, '405-ZKKWRR', 0),
	(92, 5, '231-WPVLJJ', 0),
	(93, 14, '401-EFOVQL', 0),
	(94, 4, '297-YYBSZY', 0),
	(95, 12, '997-MKMQOQ', 0),
	(96, 20, '353-ABJXWB', 0),
	(97, 5, '253-SLAQRM', 0),
	(98, 16, '926-PXPAAT', 0),
	(99, 1, '091-KLMCQY', 0),
	(100, 12, '900-QUVJIE', 0),
	(101, 14, '582-IFQTLC', 0),
	(102, 16, '224-XINXBK', 0),
	(103, 4, '714-JHETYC', 0),
	(104, 1, '919-FWGYTL', 0),
	(105, 11, '239-BTSRWI', 0),
	(106, 11, '508-DJZZYJ', 0),
	(107, 14, '567-WKVLQQ', 0),
	(108, 7, '554-SRXIMK', 0),
	(109, 6, '435-HFHNHL', 0),
	(110, 4, '792-LTRHVW', 0),
	(111, 6, '683-RFTZLY', 0),
	(112, 11, '576-RHLKRX', 0),
	(113, 6, '974-NMHPMD', 0),
	(114, 1, '187-AMECRX', 0),
	(115, 4, '914-FIYDLL', 0),
	(116, 16, '648-GYWTHM', 0),
	(117, 4, '098-MAOWFX', 0),
	(118, 2, '800-AAEXXN', 0),
	(119, 4, '151-AEFNDU', 0),
	(120, 4, '251-HGUKYA', 0),
	(121, 1, '240-KKFZAR', 0),
	(122, 12, '054-ZRUXOY', 0),
	(123, 15, '375-PFJUCR', 0),
	(124, 14, '368-LQNIHB', 0),
	(125, 13, '010-FAFGOH', 0),
	(126, 3, '471-EWZCTS', 0),
	(127, 19, '363-GWHEPO', 0),
	(128, 15, '464-NNOLMB', 0),
	(129, 11, '889-NVUNCW', 0),
	(130, 18, '824-FONNOB', 0),
	(131, 12, '169-WFLIMN', 0),
	(132, 19, '808-QRCQKU', 0),
	(133, 13, '010-WRQBAC', 0),
	(134, 11, '818-PHGJZX', 0),
	(135, 15, '428-KSTNZL', 0),
	(136, 16, '297-DRGTAD', 0),
	(137, 1, '469-KSIDRX', 0),
	(138, 11, '551-KCVGUG', 0),
	(139, 16, '606-CEANOK', 0),
	(140, 14, '997-XCUKDK', 0),
	(141, 7, '014-WTBSOL', 0),
	(142, 12, '154-LZVTQD', 0),
	(143, 19, '441-VWQNVX', 0),
	(144, 12, '222-ZAKGBV', 0),
	(145, 6, '846-UNJWUI', 0),
	(146, 6, '224-ZTKFDD', 0),
	(147, 4, '996-BPTFWU', 0),
	(148, 13, '075-AGBBZK', 0),
	(149, 12, '331-GLKNVP', 0),
	(150, 4, '705-JJDKXF', 0),
	(151, 3, '980-PSTMTW', 0),
	(152, 14, '513-LHSSXJ', 0),
	(153, 4, '843-ONHRPD', 0),
	(154, 17, '319-KWZGCZ', 0),
	(155, 12, '362-GAPTYY', 0),
	(156, 7, '893-VQLYAK', 0),
	(157, 7, '627-GHNGZI', 0),
	(158, 17, '187-RMEPON', 0),
	(159, 7, '483-FUZYKJ', 0),
	(160, 4, '979-BLWKWL', 0),
	(161, 11, '356-CZFRUA', 0),
	(162, 5, '765-IEMAXY', 0),
	(163, 3, '128-ZVQFHU', 0),
	(164, 20, '462-HEZAQA', 0),
	(165, 5, '503-VIKLUE', 0),
	(166, 18, '622-TMRZKZ', 0),
	(167, 16, '190-XQEYUB', 0),
	(168, 1, '925-CZFDKX', 0),
	(169, 1, '744-SMCWIY', 0),
	(170, 17, '793-PTEGBJ', 0),
	(171, 10, '060-DVAINH', 0),
	(172, 7, '920-AQVXMW', 0),
	(173, 2, '014-RUZUIJ', 0),
	(174, 10, '029-VNLMPO', 0),
	(175, 16, '855-DJBNEH', 0),
	(176, 3, '430-ZYGWTE', 0),
	(177, 9, '890-ZSZIBK', 0),
	(178, 14, '216-VOCCTF', 0),
	(179, 5, '826-OFWINO', 0),
	(180, 19, '913-DJQWYN', 0),
	(181, 7, '797-OOOBGU', 0),
	(182, 20, '004-CJNHVA', 0),
	(183, 5, '403-VKPSWR', 0),
	(184, 1, '035-CZGVKU', 0),
	(185, 12, '891-NVGEAY', 0),
	(186, 12, '024-BHWVTP', 0),
	(187, 1, '151-CUDWQB', 0),
	(188, 20, '195-ACQAEF', 0),
	(189, 6, '045-ZQWFOR', 0),
	(190, 13, '782-PTCMJN', 0),
	(191, 12, '519-UAUKLJ', 0),
	(192, 3, '763-IMTDUH', 0),
	(193, 11, '734-RRMOLT', 0),
	(194, 19, '973-YEPIWH', 0),
	(195, 11, '664-YFQRSK', 0),
	(196, 17, '022-CLMIJR', 0),
	(197, 8, '671-ZVZQTK', 0),
	(198, 1, '505-LBKNYI', 0),
	(199, 12, '905-JWIVHF', 0),
	(200, 5, '242-LYRBBD', 0),
	(201, 6, '410-UNHTVO', 0),
	(202, 16, '291-BYYCSH', 0),
	(203, 13, '011-WVVAQC', 0),
	(204, 3, '029-PYFBLL', 0),
	(205, 14, '056-BXTMKP', 0),
	(206, 9, '866-JMQKJQ', 0),
	(207, 4, '909-MVDEYK', 0),
	(208, 5, '385-ABIUJE', 0),
	(209, 2, '975-BEBCPQ', 0),
	(210, 7, '591-FMTWUI', 0),
	(211, 9, '640-VXCQIP', 0),
	(212, 17, '894-ICAOWB', 0),
	(213, 10, '683-SIUVYU', 0),
	(214, 19, '900-LYEJFJ', 0),
	(215, 14, '551-PBSLVA', 0),
	(216, 2, '837-HKPUHU', 0),
	(217, 8, '017-PHKEBC', 0),
	(218, 2, '278-RUFCCF', 0),
	(219, 1, '546-EIRARL', 0),
	(220, 3, '235-DADXCJ', 0),
	(221, 13, '465-HDSURG', 0),
	(222, 15, '533-AEVTTM', 0),
	(223, 4, '036-EISUUV', 0),
	(224, 9, '006-ANDFCH', 0),
	(225, 8, '996-VELLGS', 0),
	(226, 14, '561-VEGOZO', 0),
	(227, 5, '205-NGUJCO', 0),
	(228, 14, '553-YNQITQ', 0),
	(229, 3, '030-SNJMDD', 0),
	(230, 1, '772-RWLVXQ', 0),
	(231, 6, '084-FYTZHT', 0),
	(232, 3, '809-HFSQCS', 0),
	(233, 6, '265-PGQNKC', 0),
	(234, 19, '990-LDUSGX', 0),
	(235, 7, '705-YVTHUZ', 0),
	(236, 15, '504-LAJPVE', 0),
	(237, 15, '967-QYQYDE', 0),
	(238, 12, '859-EYLOEY', 0),
	(239, 9, '744-ESJFZB', 0),
	(240, 20, '804-RASJMA', 0),
	(241, 3, '144-NRMMMO', 0),
	(242, 17, '711-BBGQIC', 0),
	(243, 15, '494-HEMJEY', 0),
	(244, 5, '974-LFYZYO', 0),
	(245, 13, '980-KXDPVI', 0),
	(246, 13, '452-AMEHTT', 0),
	(247, 6, '876-ULXEWH', 0),
	(248, 18, '398-MFVIVD', 0),
	(249, 6, '455-YMEYWF', 0),
	(250, 12, '262-XGXEJZ', 0),
	(251, 20, '651-SKEVPD', 0),
	(252, 8, '806-UJCGKA', 0),
	(253, 4, '074-AGSUYO', 0),
	(254, 20, '859-MFWMRK', 0),
	(255, 16, '216-MSTYZO', 0),
	(256, 1, '570-RBEQHL', 0),
	(257, 5, '909-XGOEDK', 0),
	(258, 11, '211-ZTMOEJ', 0),
	(259, 18, '754-BBSMAX', 0),
	(260, 19, '885-LGTGHX', 0),
	(261, 10, '888-QQOHUS', 0),
	(262, 7, '416-YAJGTN', 0),
	(263, 7, '140-IHYZTS', 0),
	(264, 6, '285-KLUKQX', 0),
	(265, 10, '521-XDLOLO', 0),
	(266, 13, '445-BMDCZE', 0),
	(267, 5, '919-FCIBNW', 0),
	(268, 9, '995-JLWOYS', 0),
	(269, 16, '298-IAYDKA', 0),
	(270, 15, '255-AISBQE', 0),
	(271, 8, '238-TKXYKE', 0),
	(272, 13, '859-ANPSTA', 0),
	(273, 3, '697-KBCNAK', 0),
	(274, 14, '608-IAWZYH', 0),
	(275, 4, '013-NEOTVJ', 0),
	(276, 11, '141-BVKGNA', 0),
	(277, 3, '220-GFMORV', 0),
	(278, 3, '723-ZBRBZY', 0),
	(279, 15, '022-PDFDIY', 0),
	(280, 5, '758-GDUAEF', 0),
	(281, 15, '577-JGLVEW', 0),
	(282, 14, '960-XSVWDY', 0),
	(283, 16, '729-HTJYWJ', 0),
	(284, 11, '605-TYDQLT', 0),
	(285, 9, '803-VJVEKF', 0),
	(286, 14, '230-IFLEXH', 0),
	(287, 2, '839-CEVWHN', 0),
	(288, 5, '955-KKPSDB', 0),
	(289, 19, '619-IJUFXH', 0),
	(290, 4, '097-UIJSMI', 0),
	(291, 2, '383-REVFQL', 0),
	(292, 18, '896-BLXXJL', 0),
	(293, 13, '986-AZNEXA', 0),
	(294, 18, '814-XXREQY', 0),
	(295, 12, '100-WRCUQR', 0),
	(296, 4, '737-GDVVQE', 0),
	(297, 17, '082-ZUETRG', 0),
	(298, 4, '522-CTTQMD', 0),
	(299, 11, '596-TLPLQO', 0),
	(300, 3, '311-ZFLCPF', 0),
	(301, 17, '322-ZSZEAM', 0),
	(302, 8, '943-GWNUIG', 0),
	(303, 14, '750-REZFZR', 0),
	(304, 16, '626-DPUHIG', 0),
	(305, 3, '160-IYHCKP', 0),
	(306, 2, '384-EPOEPR', 0),
	(307, 4, '714-EJZDZW', 0),
	(308, 10, '002-VQIGQP', 0),
	(309, 14, '339-GKJOYL', 0),
	(310, 6, '607-FLECZC', 0),
	(311, 2, '962-MNDDZF', 0),
	(312, 14, '435-PBMTHE', 0),
	(313, 7, '386-BXJEBT', 0),
	(314, 1, '220-TCTZWL', 0),
	(315, 16, '735-TXLNGF', 0),
	(316, 3, '927-SKCGHC', 0),
	(317, 8, '719-GZYEEJ', 0),
	(318, 14, '768-FWONHA', 0),
	(319, 12, '976-BCMYLA', 0),
	(320, 14, '555-DLUNEJ', 0),
	(321, 17, '066-URBAMR', 0),
	(322, 10, '177-ZPAPMA', 0),
	(323, 11, '708-UOZVMC', 0),
	(324, 3, '289-XCTEBK', 0),
	(325, 13, '310-RJUZRT', 0),
	(326, 12, '176-KLEPXF', 0),
	(327, 15, '763-DAMABG', 0),
	(328, 16, '016-WCAVGB', 0),
	(329, 15, '615-OJBBVS', 0),
	(330, 9, '014-KZUNIQ', 0),
	(331, 12, '922-RNAYQX', 0),
	(332, 8, '937-AKBBLH', 0),
	(333, 13, '144-USSVIM', 0),
	(334, 12, '427-KAQZYB', 0),
	(335, 8, '832-ANWSPR', 0),
	(336, 18, '756-ZKPEKL', 0),
	(337, 11, '797-MIREJO', 0),
	(338, 3, '797-SIRNUM', 0),
	(339, 7, '210-QJIPCP', 0),
	(340, 7, '932-NQQFHB', 0),
	(341, 1, '853-OKZXOY', 0),
	(342, 14, '009-SFZSMN', 0),
	(343, 3, '566-IDRJOE', 0),
	(344, 3, '639-SJBMIV', 0),
	(345, 16, '783-FIIHLT', 0),
	(346, 16, '336-BLISUN', 0),
	(347, 17, '172-KBCICF', 0),
	(348, 17, '584-TYLCBS', 0),
	(349, 16, '710-VIRDRP', 0),
	(350, 18, '695-ZIKBJI', 0),
	(351, 5, '314-NJAIXM', 0),
	(352, 4, '013-DQQXEU', 0),
	(353, 11, '097-DCOYKH', 0),
	(354, 5, '741-KVRTMS', 0),
	(355, 2, '580-KOWPPN', 0),
	(356, 20, '742-HMFJES', 0),
	(357, 13, '099-LSAKGD', 0),
	(358, 16, '028-QEMBRR', 0),
	(359, 8, '969-OGXESC', 0),
	(360, 10, '043-WEVPDU', 0),
	(361, 3, '607-JUBYWR', 0),
	(362, 3, '506-WFTOCA', 0),
	(363, 10, '345-DCOXWJ', 0),
	(364, 4, '601-DLTPGT', 0),
	(365, 8, '177-TPBJMA', 0),
	(366, 16, '102-MXLBLE', 0),
	(367, 8, '086-GILFEU', 0),
	(368, 2, '854-FJSGLK', 0),
	(369, 16, '376-ZMTKEZ', 0),
	(370, 6, '305-TJTDGS', 0),
	(371, 12, '569-JOGCYU', 0),
	(372, 11, '622-XSMWYP', 0),
	(373, 13, '373-HRQTHJ', 0),
	(374, 6, '769-MNHUGI', 0),
	(375, 11, '969-ZELVPF', 0),
	(376, 13, '909-AAZUNY', 0),
	(377, 16, '875-UBXOOM', 0),
	(378, 7, '838-FTVTGK', 0),
	(379, 2, '293-UPBUTI', 0),
	(380, 19, '285-IGIYKN', 0),
	(381, 3, '298-TSDOFD', 0),
	(382, 10, '076-YYVKGU', 0),
	(383, 19, '913-PKRGNW', 0),
	(384, 16, '807-WKDEIT', 0),
	(385, 10, '637-YNXSOU', 0),
	(386, 14, '990-NSEDSJ', 0),
	(387, 10, '027-NYBSZP', 0),
	(388, 17, '718-DRCABQ', 0),
	(389, 16, '532-KMDMUE', 0),
	(390, 10, '262-FIOMXY', 0),
	(391, 15, '192-QLKIFS', 0),
	(392, 5, '748-GPGWLP', 0),
	(393, 14, '536-FZXIHC', 0),
	(394, 18, '710-ANLUJU', 0),
	(395, 1, '859-KHCEVD', 0),
	(396, 15, '948-EQCXXH', 0),
	(397, 20, '495-XLDJOH', 0),
	(398, 3, '769-MHTJLA', 0),
	(399, 3, '574-GPDGGE', 0),
	(400, 7, '662-OQXHXO', 0),
	(401, 13, '652-AHFNIZ', 0),
	(402, 15, '015-FODGVZ', 0),
	(403, 5, '842-NIKJPP', 0),
	(404, 7, '886-BJHJXI', 0),
	(405, 7, '823-RLQOGW', 0),
	(406, 18, '926-ETYTKT', 0),
	(407, 16, '660-NUHPOJ', 0),
	(408, 13, '232-QSHLQZ', 0),
	(409, 14, '273-NEQEAS', 0),
	(410, 5, '808-SVKYQH', 0),
	(411, 20, '206-BGGAMQ', 0),
	(412, 20, '240-ZBKFPI', 0),
	(413, 4, '077-HNLBFD', 0),
	(414, 19, '211-NYRWHD', 0),
	(415, 3, '014-NXQVUP', 0),
	(416, 15, '364-VOWZHI', 0),
	(417, 13, '423-YPXXTR', 0),
	(418, 5, '905-YBYWEG', 0),
	(419, 7, '939-CFYGBR', 0),
	(420, 5, '726-KQMSEZ', 0),
	(421, 15, '595-GUKRXO', 0),
	(422, 6, '782-ADWNJV', 0),
	(423, 19, '783-NHMAMU', 0),
	(424, 13, '382-IVGGKA', 0),
	(425, 8, '402-LGKWUT', 0),
	(426, 4, '349-DSZYIB', 0),
	(427, 12, '718-WQCFBF', 0),
	(428, 4, '401-TYIVBS', 0),
	(429, 5, '356-DDRXCX', 0),
	(430, 17, '609-WHQWKX', 0),
	(431, 20, '280-GLPAXY', 0),
	(432, 12, '904-UCLAVO', 0),
	(433, 8, '246-AIBFOX', 0),
	(434, 6, '404-NUPBQM', 0),
	(435, 6, '015-LNQQZZ', 0),
	(436, 17, '204-VJWQKK', 0),
	(437, 19, '072-IEKEOS', 0),
	(438, 19, '929-QTLGTW', 0),
	(439, 8, '884-UGMJYS', 0),
	(440, 1, '740-IVZLUA', 0),
	(441, 2, '189-QAHFPV', 0),
	(442, 3, '908-ECFYTG', 0),
	(443, 1, '477-HOPIVM', 0),
	(444, 10, '574-MSIJGM', 0),
	(445, 15, '246-RBNOHW', 0),
	(446, 6, '135-QTFZKR', 0),
	(447, 15, '911-MMCSKL', 0),
	(448, 8, '957-QSESYT', 0),
	(449, 10, '146-FBFFJQ', 0),
	(450, 6, '922-XBKWXG', 0),
	(451, 15, '972-QIPFCS', 0),
	(452, 17, '843-WDHKTK', 0),
	(453, 13, '709-HMJLJD', 0),
	(454, 16, '329-UMSYKC', 0),
	(455, 15, '266-PJJCUV', 0),
	(456, 15, '074-IBESRP', 0),
	(457, 16, '224-VVNSDV', 0),
	(458, 17, '139-COOHXH', 0),
	(459, 16, '301-ISADPG', 0),
	(460, 14, '583-GGUTGE', 0),
	(461, 1, '538-LCAYZS', 0),
	(462, 6, '960-JAVSUM', 0),
	(463, 18, '673-SPTYQY', 0),
	(464, 16, '218-AKDDTK', 0),
	(465, 5, '036-QBHNHS', 0),
	(466, 9, '228-FKZHES', 0),
	(467, 11, '857-FZFJAF', 0),
	(468, 17, '729-BOKOYX', 0),
	(469, 14, '465-HZCZKU', 0),
	(470, 16, '551-FKDFTJ', 0),
	(471, 5, '008-MURXSY', 0),
	(472, 15, '901-QBPPVG', 0),
	(473, 20, '529-YXOSTC', 0),
	(474, 2, '846-NFBJWD', 0),
	(475, 16, '094-BWJEJD', 0),
	(476, 8, '688-ZFZGGV', 0),
	(477, 1, '665-DQPIIR', 0),
	(478, 6, '740-HRWPEN', 0),
	(479, 10, '153-SLNHZH', 0),
	(480, 10, '743-PGLJQN', 0),
	(481, 1, '527-QQHVJD', 0),
	(482, 10, '918-ZQHCST', 0),
	(483, 13, '998-MJVURL', 0),
	(484, 8, '253-RMJJBM', 0),
	(485, 12, '810-SFDBTF', 0),
	(486, 8, '414-QTPRAN', 0),
	(487, 3, '165-VVOSUZ', 0),
	(488, 1, '696-CITFMI', 0),
	(489, 13, '628-COIAUU', 0),
	(490, 5, '245-HERIKG', 0),
	(491, 7, '064-HILABU', 0),
	(492, 10, '204-YVLGPN', 0),
	(493, 17, '825-ADPTNE', 0),
	(494, 16, '977-ZUMDFH', 0),
	(495, 14, '547-OYULEI', 0),
	(496, 17, '837-IQMIVH', 0),
	(497, 3, '038-HRWPDQ', 0),
	(498, 9, '175-MNTMDN', 0),
	(499, 20, '237-BEPFLM', 0),
	(500, 11, '806-VQBRJB', 0),
	(501, 6, 'AZERTY', 123),
	(502, 16, 'Megane', 32),
	(503, 1, 'AZERTYz', 32);
/*!40000 ALTER TABLE `products` ENABLE KEYS */;


-- Export de la structure de table spc. sales
CREATE TABLE IF NOT EXISTS `sales` (
  `id` int(11) NOT NULL AUTO_INCREMENT,
  `product_id` int(11) DEFAULT NULL,
  `customer_id` int(11) DEFAULT NULL,
  `quantity` int(11) NOT NULL,
  `date` date NOT NULL,
  PRIMARY KEY (`id`),
  KEY `IDX_6B8170444584665A` (`product_id`),
  KEY `IDX_6B8170449395C3F3` (`customer_id`),
  CONSTRAINT `FK_6B8170444584665A` FOREIGN KEY (`product_id`) REFERENCES `products` (`id`),
  CONSTRAINT `FK_6B8170449395C3F3` FOREIGN KEY (`customer_id`) REFERENCES `customers` (`id`)
) ENGINE=InnoDB AUTO_INCREMENT=44 DEFAULT CHARSET=utf8 COLLATE=utf8_unicode_ci;

-- Export de données de la table spc.sales: ~9 rows (environ)
DELETE FROM `sales`;
/*!40000 ALTER TABLE `sales` DISABLE KEYS */;
INSERT INTO `sales` (`id`, `product_id`, `customer_id`, `quantity`, `date`) VALUES
	(33, 1, 45, 10, '2002-12-31'),
	(34, 1, 59, 320, '1970-08-31'),
	(35, 5, 48, 320, '2015-10-25'),
	(38, 1, 14, 320, '1981-08-31'),
	(39, 1, 59, 44, '1981-08-31'),
	(40, 1, 16, 10, '1981-08-31'),
	(41, 1, 59, 4, '2012-12-12'),
	(42, 7, 59, 72, '2015-10-31'),
	(43, 1, 59, 320, '1981-08-31');
/*!40000 ALTER TABLE `sales` ENABLE KEYS */;


-- Export de la structure de table spc. suppliers
CREATE TABLE IF NOT EXISTS `suppliers` (
  `id` int(11) NOT NULL AUTO_INCREMENT,
  `label` varchar(45) COLLATE utf8_unicode_ci NOT NULL,
  `email` varchar(45) COLLATE utf8_unicode_ci NOT NULL,
  PRIMARY KEY (`id`)
) ENGINE=InnoDB AUTO_INCREMENT=27 DEFAULT CHARSET=utf8 COLLATE=utf8_unicode_ci;

-- Export de données de la table spc.suppliers: ~26 rows (environ)
DELETE FROM `suppliers`;
/*!40000 ALTER TABLE `suppliers` DISABLE KEYS */;
INSERT INTO `suppliers` (`id`, `label`, `email`) VALUES
	(1, 'Samsung', 'Celeste@justo.com'),
	(2, 'Adidas', 'Ahmed@vulputate.gov'),
	(3, 'Nike', 'Gil@justo.us'),
	(4, 'Toshiba', 'Zeph@sed.net'),
	(5, 'BMW', 'Noel@pede.org'),
	(6, 'Fiat', 'Irene@eget.us'),
	(7, 'Sanofi', 'Ginger@lectus.us'),
	(8, 'Lenovo', 'Clementine@risus.net'),
	(9, 'Rayban', 'Kato@lobortis.gov'),
	(10, 'Délice', 'Lev@scelerisque.gov'),
	(11, 'Nivea', 'Uriah@placerat.com'),
	(12, 'Puma', 'Serena@Phasellus.gov'),
	(13, 'Sony', 'Shad@dis.us'),
	(14, 'LG', 'Jamal@justo.edu'),
	(15, 'Dacia', 'Zephr@elementum.com'),
	(16, 'Renault', 'Karen@commodo.com'),
	(17, 'Joma', 'Kennan@mus.com'),
	(18, 'Burger King', 'Willow@Quisque.net'),
	(19, 'Kiaby', 'Rowan@purus.edu'),
	(20, 'Go Sport', 'Medge@ligula.com'),
	(21, 'Seif', 'seif@bilog.fr'),
	(22, 'Vaughan', 'bromdhane@gmail.com'),
	(23, 'Nathan', 'mamatisaya66@gmail.com'),
	(24, 'Galaxy', 'seif3265@bilog.fr'),
	(25, 'sssss             a', 'seif@bilog.fr'),
	(26, 'ad a', 'seif@bilog.fr');
/*!40000 ALTER TABLE `suppliers` ENABLE KEYS */;


-- Export de la structure de table spc. users
CREATE TABLE IF NOT EXISTS `users` (
  `id` int(11) NOT NULL AUTO_INCREMENT,
  `username` varchar(45) COLLATE utf8_unicode_ci NOT NULL,
  `email` varchar(45) COLLATE utf8_unicode_ci NOT NULL,
  `role` int(11) NOT NULL,
  `password` varchar(45) COLLATE utf8_unicode_ci NOT NULL,
  PRIMARY KEY (`id`)
) ENGINE=InnoDB AUTO_INCREMENT=4 DEFAULT CHARSET=utf8 COLLATE=utf8_unicode_ci;

-- Export de données de la table spc.users: ~2 rows (environ)
DELETE FROM `users`;
/*!40000 ALTER TABLE `users` DISABLE KEYS */;
INSERT INTO `users` (`id`, `username`, `email`, `role`, `password`) VALUES
	(1, 'admin', 'admin@spc.com', 1, '21232f297a57a5a743894a0e4a801fc3'),
	(2, 'manager', 'manager@spc.com', 2, '21232f297a57a5a743894a0e4a801fc3'),
	(3, 'supervisor', 'supervisor@spc.com', 3, '21232f297a57a5a743894a0e4a801fc3');
/*!40000 ALTER TABLE `users` ENABLE KEYS */;


-- Export de la structure de table spc. _auth
CREATE TABLE IF NOT EXISTS `_auth` (
  `id` varchar(255) COLLATE utf8_unicode_ci NOT NULL,
  `iduser` int(11) NOT NULL,
  `connectTime` datetime NOT NULL,
  `disconnectTime` datetime DEFAULT NULL,
  `connected` int(11) NOT NULL DEFAULT '0',
  PRIMARY KEY (`id`),
  KEY `IDX_A5FBC0425E5C27E9` (`iduser`),
  CONSTRAINT `FK_A5FBC0425E5C27E9` FOREIGN KEY (`iduser`) REFERENCES `users` (`id`)
) ENGINE=InnoDB DEFAULT CHARSET=utf8 COLLATE=utf8_unicode_ci;

-- Export de données de la table spc._auth: ~6 rows (environ)
DELETE FROM `_auth`;
/*!40000 ALTER TABLE `_auth` DISABLE KEYS */;
INSERT INTO `_auth` (`id`, `iduser`, `connectTime`, `disconnectTime`, `connected`) VALUES
	('7219132vqosfa4kfh3s0athp45', 1, '2015-11-13 20:58:34', '2015-11-13 21:08:38', 0),
	('b0k8dgv6hebfult7njpu203fo7', 1, '2015-11-13 21:09:11', NULL, 1),
	('bqbav3o4314dm37ellsjkk44u6', 1, '2015-11-13 20:58:06', '2015-11-13 20:58:29', 0),
	('lo2q4gqi2ca9t96kr3i0pd6885', 2, '2015-11-16 12:12:02', NULL, 1),
	('naj59nts7s6mrhgacbh4n4k0k4', 2, '2015-11-13 21:33:29', '2015-11-13 21:41:08', 0),
	('sq9anfca6cafpdqq4t2d7l8rq1', 1, '2015-11-16 16:01:49', NULL, 1);
/*!40000 ALTER TABLE `_auth` ENABLE KEYS */;
/*!40101 SET SQL_MODE=IFNULL(@OLD_SQL_MODE, '') */;
/*!40014 SET FOREIGN_KEY_CHECKS=IF(@OLD_FOREIGN_KEY_CHECKS IS NULL, 1, @OLD_FOREIGN_KEY_CHECKS) */;
/*!40101 SET CHARACTER_SET_CLIENT=@OLD_CHARACTER_SET_CLIENT */;
